id,time,education,hhh_sex,mem_tot,emp_now,nutrition
101043,0,0,1,3,1,4
101203,0,0,1,6,0,0
101227,0,0,1,10,1,2
101108,0,0,1,9,0,0
101239,0,0,1,8,1,3
101222,0,0,1,6,0,0
101030,0,1,1,7,1,0
101229,0,0,1,7,1,1
101122,0,0,1,7,1,0
101188,0,0,1,11,1,0
101232,0,0,1,6,1,3
101040,0,0,1,7,0,0
101010,0,1,1,5,1,3
101039,0,0,1,5,0,0
101067,0,1,0,7,1,4
101258,0,0,1,6,0,0
101236,0,0,1,2,0,0
101115,0,0,1,3,0,0
101171,0,1,1,4,0,3
101070,0,1,1,7,1,1
101036,0,1,1,4,0,3
101157,0,0,1,6,1,3
101252,0,1,1,7,0,1
101272,0,0,1,5,1,0
101034,0,1,1,6,1,1
101038,0,0,1,5,1,0
101279,0,0,1,6,1,0
101248,0,1,1,5,0,0
101072,0,1,0,5,1,6
101130,0,1,1,3,1,3
101214,0,1,1,2,0,2
101046,0,1,0,4,0,0
101032,0,1,1,4,1,1
101096,0,1,1,9,0,0
101264,0,0,1,11,1,0
101123,0,0,1,3,1,2
101176,0,1,1,3,1,6
101144,0,1,1,1,0,1
101302,0,1,1,1,1,0
101223,0,0,1,4,1,0
101026,0,1,1,5,0,0
101183,0,0,1,3,0,1
101282,0,1,1,6,1,2
101025,0,1,1,4,0,3
101167,0,1,1,6,1,3
101294,0,0,1,6,1,2
101216,0,1,1,3,0,2
101053,0,1,1,7,0,0
101256,0,0,1,5,0,3
101129,0,1,1,4,0,2
101042,0,1,1,5,1,2
101234,0,0,1,7,1,2
101210,0,1,1,4,1,0
101022,0,1,1,6,1,1
101021,0,1,1,3,1,2
101174,0,1,1,5,0,5
101020,0,1,1,6,0,1
101019,0,0,1,6,1,2
101124,0,1,1,6,0,2
101224,0,1,1,3,1,0
101049,0,1,1,1,0,0
101271,0,0,1,4,1,1
101205,0,1,1,6,0,2
101240,0,0,1,5,1,0
101184,0,0,1,7,1,3
101286,0,0,1,2,1,0
101001,0,1,1,6,1,3
101081,0,1,1,4,0,3
101017,0,0,1,4,0,0
101016,0,1,1,1,0,1
101002,0,1,1,5,1,0
101015,0,0,1,6,0,1
101270,0,1,1,3,1,0
101225,0,0,1,4,1,3
101014,0,0,1,6,1,3
101140,0,0,1,4,1,3
101146,0,0,1,1,0,1
101182,0,1,1,6,1,0
101071,0,0,1,4,1,1
101135,0,1,1,7,1,0
101114,0,1,1,4,0,2
101012,0,1,1,2,0,0
101131,0,0,1,5,1,3
101044,0,0,1,3,1,0
101060,0,1,1,6,0,1
101237,0,1,1,5,0,2
101199,0,0,1,4,1,1
101284,0,0,1,3,1,3
101008,0,0,1,5,1,0
101276,0,1,0,4,0,3
101172,0,0,1,7,0,0
101192,0,1,1,5,0,2
101180,0,0,1,6,0,0
101162,0,0,1,1,1,0
101208,0,0,1,7,0,2
101120,0,1,1,2,1,4
101104,0,1,1,3,0,1
101166,0,1,1,3,0,0
101148,0,0,1,3,1,1
101003,0,0,1,5,1,0
101089,0,0,1,7,1,1
101213,0,1,1,4,0,0
101260,0,1,1,4,1,2
101283,0,1,1,2,0,5
101267,0,1,1,5,1,0
101218,0,1,1,4,1,2
101152,0,1,1,3,1,3
101194,0,1,1,6,1,3
101295,0,0,1,4,0,2
101211,0,1,1,4,1,3
101253,0,0,1,4,1,0
101255,0,1,1,3,1,9
101170,0,1,1,3,1,0
101265,0,0,1,4,1,1
101251,0,0,1,4,0,0
101095,0,1,1,3,0,3
101244,0,1,1,6,1,0
101098,0,0,1,5,1,1
101035,0,0,1,4,1,0
101051,0,1,1,3,1,0
101154,0,0,1,3,1,2
101139,0,1,1,6,0,1
101249,0,0,1,5,0,1
101246,0,0,1,5,1,0
101094,0,0,1,6,0,0
101093,0,1,1,4,1,1
101092,0,1,1,3,0,0
101289,0,1,1,5,1,0
101298,0,0,1,5,0,0
101292,0,1,0,3,0,0
101259,0,0,1,5,0,0
101262,0,0,1,5,1,0
101066,0,1,1,4,1,1
101226,0,1,1,9,1,1
101091,0,1,1,6,1,0
101274,0,1,1,4,1,0
101090,0,1,1,4,0,0
101195,0,1,1,4,1,0
101209,0,0,1,1,1,0
101231,0,0,1,7,1,0
101047,0,1,1,2,0,1
101169,0,1,1,4,1,0
101242,0,0,1,2,1,3
101287,0,0,1,12,1,0
101247,0,0,1,4,1,0
101134,0,0,1,4,1,0
101086,0,1,1,2,1,1
101261,0,1,1,5,0,0
101198,0,1,1,5,1,3
101290,0,1,1,3,0,4
101069,0,1,1,6,0,3
101082,0,0,0,6,1,0
101187,0,1,1,1,1,0
101288,0,1,1,5,0,1
101107,0,1,1,2,0,0
101278,0,1,1,4,0,3
101155,0,1,1,4,0,3
101041,0,1,1,6,1,1
101200,0,1,0,4,0,1
101006,0,1,1,5,0,1
101141,0,1,1,2,1,0
101078,0,0,0,10,0,1
101077,0,1,1,8,1,6
101178,0,1,1,4,0,0
101241,0,1,1,5,1,1
101056,0,0,1,4,1,2
101204,0,1,1,2,0,3
101073,0,1,1,5,1,2
101121,0,1,1,2,1,1
101243,0,0,1,4,1,2
101138,0,0,1,2,0,0
101142,0,0,1,3,0,0
101285,0,1,1,4,0,0
101268,0,0,1,7,0,3
101190,0,1,1,5,0,1
101105,0,1,0,5,0,0
101221,0,0,1,4,0,5
101245,0,1,1,2,0,3
101220,0,1,1,8,0,0
101297,0,1,1,5,0,1
101079,0,1,1,6,1,1
101147,0,1,1,6,1,3
101029,0,0,1,4,1,3
101202,0,1,1,5,0,1
101076,0,1,1,6,1,1
101158,0,1,1,6,1,3
101250,0,1,1,6,1,0
101189,0,0,1,5,1,4
101179,0,0,1,5,1,2
101193,0,1,1,4,0,2
101175,0,1,1,6,1,1
101068,0,1,1,6,1,2
101058,0,1,1,3,0,1
101119,0,0,1,4,0,0
101018,0,0,1,4,0,0
101275,0,0,1,4,0,0
101063,0,1,1,5,0,0
101164,0,1,1,7,1,3
101133,0,0,1,4,1,3
101061,0,1,1,7,1,0
101159,0,1,1,2,1,2
101097,0,1,1,8,1,2
101235,0,1,1,3,1,7
101088,0,1,1,4,0,1
101110,0,1,1,3,0,3
101059,0,1,1,3,0,0
101080,0,1,1,3,1,0
101149,0,1,0,10,0,0
101127,0,1,1,5,0,0
101057,0,1,1,5,0,0
101269,0,1,0,4,1,2
101217,0,1,1,1,0,3
101101,0,1,1,9,1,9
101085,0,1,1,6,1,1
101054,0,1,0,2,1,4
101143,0,1,1,2,1,0
101023,0,1,1,4,1,3
101062,0,1,1,1,0,3
101075,0,1,1,2,1,3
101132,0,1,1,8,1,5
101177,0,1,1,3,1,3
101052,0,1,1,1,1,0
101299,0,1,1,2,0,1
101153,0,1,1,7,1,0
101207,0,1,1,3,0,0
101156,0,1,1,4,0,9
101024,0,1,1,3,1,1
101206,0,1,1,2,1,6
101004,0,1,1,4,1,3
101273,0,1,1,14,1,0
101050,0,1,1,8,1,2
101064,0,1,1,5,1,3
101219,0,1,1,6,1,3
101233,0,1,1,3,0,3
101145,0,1,1,6,0,3
101065,0,1,1,7,0,3
101109,0,1,1,3,1,8
101087,0,1,1,2,1,2
101161,0,1,1,3,1,3
101055,0,1,1,7,1,2
101201,0,1,1,1,0,0
101196,0,1,1,2,1,1
101009,0,1,1,21,1,4
101151,0,1,1,4,1,4
101277,0,1,1,1,1,5
101228,0,1,1,6,1,1
101136,0,1,1,4,0,1
101301,0,1,1,3,1,0
101113,0,1,1,1,1,3
101007,0,1,1,3,1,1
101230,0,1,1,8,0,2
101212,0,1,1,2,1,0
101100,0,1,1,4,1,5
101254,0,1,1,3,0,2
101150,0,1,1,3,0,0
101106,0,1,0,3,0,0
101293,0,1,1,3,0,5
101083,0,1,1,5,1,0
101137,0,1,0,5,1,6
101257,0,1,1,3,1,1
101045,0,1,1,1,0,3
101102,0,1,1,5,0,3
101185,0,1,0,6,1,3
101168,0,1,1,5,1,3
101074,0,1,1,7,0,2
101013,0,1,1,4,0,0
101118,0,1,1,4,0,1
101160,0,1,1,3,1,1
101005,0,1,1,4,1,1
101126,0,1,1,12,0,3
101117,0,1,1,2,0,1
101215,0,1,1,4,1,4
101266,0,1,1,1,0,1
101280,0,1,1,5,1,2
101163,0,1,0,5,1,7
101116,0,1,1,2,1,3
101165,0,0,1,7,1,0
101173,0,1,1,5,0,1
101238,0,1,1,5,1,2
101197,0,1,1,2,1,1
101186,0,1,1,4,0,2
101099,0,1,1,3,0,2
101181,0,1,1,3,1,0
101296,0,1,1,3,0,2
101028,0,1,1,4,1,2
101112,0,1,1,1,1,3
101111,0,1,0,2,0,4
101191,0,1,1,6,0,0
101031,0,1,1,4,1,0
101033,0,1,1,2,1,0
101128,0,1,1,3,1,0
101084,0,1,0,4,1,3
101291,0,1,1,4,0,1
101011,0,1,1,9,0,3
101027,0,1,1,2,0,3
101048,0,1,1,6,1,4
101263,0,0,1,6,0,0
101281,0,1,1,4,0,2
101037,0,1,1,10,0,1
101300,0,1,1,2,1,3
101125,0,1,1,4,0,0
101103,0,1,1,1,0,0
102107,0,0,1,3,1,1
102017,0,0,1,6,1,3
102143,0,1,1,6,1,0
102129,0,0,1,4,0,1
102028,0,0,1,5,1,5
102081,0,1,0,3,0,0
102012,0,0,1,3,1,3
102132,0,1,1,6,0,2
102004,0,1,1,2,1,5
102154,0,1,1,3,1,5
102167,0,0,1,8,1,4
102007,0,0,1,3,0,0
102128,0,0,1,3,1,4
102117,0,0,1,6,1,3
102066,0,1,1,7,1,2
102125,0,0,1,6,1,2
102063,0,1,1,5,0,0
102097,0,0,1,7,0,0
102078,0,0,1,4,1,1
102026,0,0,1,6,0,1
102080,0,1,1,3,1,2
102019,0,0,1,5,0,0
102022,0,1,1,3,0,0
102001,0,1,1,14,0,2
102116,0,1,1,3,1,1
102122,0,0,1,3,1,1
102055,0,0,1,2,1,1
102036,0,0,1,6,0,1
102062,0,0,1,6,1,1
102150,0,0,1,12,1,0
102064,0,0,1,5,1,0
102021,0,0,1,9,1,3
102168,0,1,1,5,1,3
102010,0,1,1,6,1,3
102076,0,0,1,4,0,1
102018,0,0,1,4,1,2
102104,0,1,1,6,1,2
102016,0,1,1,5,1,1
102124,0,0,1,8,1,2
102130,0,0,1,5,1,5
102162,0,0,1,4,0,1
102127,0,0,1,6,0,3
102101,0,1,1,2,1,2
102115,0,1,1,3,0,0
102110,0,0,1,6,1,2
102163,0,0,1,6,0,3
102165,0,0,1,6,1,3
102038,0,1,1,5,0,4
102032,0,0,1,5,1,1
102073,0,0,1,6,0,3
102158,0,0,1,7,1,1
102166,0,0,1,4,0,6
102075,0,1,1,4,1,0
102094,0,1,1,6,1,3
102138,0,1,1,13,1,1
102008,0,0,1,8,1,2
102013,0,0,1,10,1,0
102142,0,0,1,7,1,0
102079,0,0,1,5,1,2
102148,0,1,1,5,1,1
102050,0,0,1,6,1,0
102037,0,0,1,4,1,1
102156,0,1,1,6,1,0
102020,0,1,1,3,1,0
102071,0,1,1,4,1,3
102041,0,1,1,6,1,2
102045,0,1,1,6,1,0
102006,0,0,1,5,1,1
102054,0,0,1,4,1,1
102061,0,0,1,7,1,1
102134,0,0,1,8,0,2
102043,0,0,1,5,0,3
102095,0,0,1,4,0,3
102058,0,0,1,7,1,0
102052,0,0,1,6,1,0
102027,0,0,1,3,1,0
102003,0,0,1,5,1,2
102084,0,0,1,7,0,0
102111,0,0,1,9,0,1
102053,0,0,1,3,0,2
102015,0,0,1,4,0,9
102077,0,0,1,6,1,0
102034,0,0,1,5,1,3
102051,0,0,1,5,1,1
102031,0,0,1,7,0,3
102155,0,0,1,3,1,4
102135,0,0,1,6,0,0
102147,0,0,0,5,0,0
102048,0,1,1,2,1,3
102164,0,0,1,5,1,1
102139,0,0,1,4,1,0
102047,0,1,1,5,0,0
102103,0,0,1,6,0,1
102091,0,0,1,5,1,2
102067,0,0,1,8,0,0
102046,0,0,1,5,1,2
102149,0,0,1,3,1,1
102140,0,0,1,7,1,3
102072,0,0,1,4,1,2
102044,0,0,1,5,1,0
102102,0,0,1,7,0,0
102002,0,0,1,5,1,0
102014,0,0,1,9,1,3
102033,0,1,1,2,0,2
102120,0,0,1,4,0,2
102109,0,0,1,9,0,0
102108,0,1,1,5,1,9
102105,0,1,1,3,1,9
102136,0,0,1,6,1,0
102151,0,0,1,10,0,0
102069,0,0,1,3,1,6
102023,0,0,1,5,1,3
102144,0,0,1,3,1,0
102060,0,1,1,4,1,3
102035,0,1,1,2,1,0
102074,0,0,1,5,0,0
102123,0,1,1,4,0,3
102113,0,0,1,5,1,4
102068,0,0,1,5,1,1
102009,0,0,1,7,0,0
102137,0,0,1,8,1,3
102121,0,0,1,8,1,0
102096,0,0,1,7,1,1
102030,0,0,1,3,0,2
102059,0,0,1,8,0,0
102065,0,0,1,6,1,3
102099,0,1,1,2,0,0
102025,0,1,1,15,1,3
102092,0,1,1,5,1,3
102042,0,0,1,4,0,2
102024,0,0,1,13,1,3
102029,0,0,1,6,1,0
102169,0,0,1,5,0,0
102057,0,0,1,7,1,3
102039,0,1,0,4,0,1
102083,0,1,1,4,0,1
102093,0,0,1,5,1,7
102049,0,1,1,2,1,1
102153,0,0,1,5,1,0
102170,0,0,1,8,1,2
102011,0,0,1,5,1,2
102056,0,1,1,6,1,1
102112,0,1,1,8,0,4
102114,0,1,1,5,0,0
102090,0,1,1,5,0,1
102089,0,0,1,5,0,2
102088,0,0,1,7,0,2
102133,0,1,1,6,1,3
102119,0,0,1,5,0,2
102161,0,0,1,10,1,0
102106,0,0,1,5,1,0
102086,0,1,1,6,0,0
102159,0,1,1,5,0,0
102141,0,1,1,5,0,3
102085,0,0,1,5,0,0
102146,0,1,1,4,0,1
102152,0,1,1,6,1,2
102100,0,1,1,2,1,2
102098,0,1,1,9,1,0
102005,0,1,1,4,0,1
102126,0,1,1,7,1,2
102145,0,1,1,1,1,2
102082,0,1,1,2,1,3
102157,0,1,1,6,1,1
102160,0,1,1,4,1,1
102040,0,1,1,5,0,3
102131,0,1,1,10,1,4
102118,0,1,1,10,1,0
102070,0,1,0,6,1,3
102087,0,1,1,5,1,3
103001,0,0,1,4,0,2
104010,0,0,1,5,0,3
104021,0,1,1,7,1,3
104025,0,0,1,2,0,0
104004,0,1,1,4,1,0
104009,0,0,1,4,1,1
104013,0,0,1,6,1,2
104008,0,1,1,5,0,0
104003,0,1,1,4,0,2
104012,0,0,1,4,1,0
104017,0,1,1,6,1,0
104028,0,0,1,3,1,4
104018,0,1,1,4,1,6
104022,0,1,1,4,0,1
104006,0,1,1,4,0,3
104030,0,1,1,5,0,1
104007,0,0,1,4,1,1
104002,0,1,1,4,1,3
104005,0,1,1,3,1,1
104020,0,1,1,4,0,0
104019,0,0,1,5,1,3
104011,0,0,1,4,1,0
104029,0,1,1,3,1,1
104014,0,1,1,5,0,3
104027,0,1,0,3,0,0
104015,0,1,1,2,0,0
104023,0,0,1,5,0,3
104016,0,0,1,5,1,0
104026,0,0,1,3,1,1
104024,0,1,1,3,1,1
104001,0,1,0,17,0,1
201003,0,1,1,5,0,5
201005,0,1,1,5,0,1
201012,0,1,1,8,0,0
201010,0,1,1,4,1,2
201021,0,1,1,4,0,2
201011,0,1,1,6,1,1
201019,0,1,1,3,0,1
201022,0,0,1,5,1,4
201006,0,1,1,6,1,0
201013,0,1,1,6,1,5
201001,0,1,1,4,0,1
201009,0,1,1,4,1,0
201014,0,0,1,4,1,4
201002,0,0,1,8,1,2
201020,0,1,1,4,1,5
201007,0,1,1,5,1,5
201016,0,1,1,4,0,2
201008,0,0,1,5,1,2
201004,0,0,1,4,1,3
201023,0,0,1,4,1,4
201015,0,0,1,5,1,0
201017,0,1,1,3,1,5
201018,0,0,1,3,0,8
202075,0,0,1,5,0,4
202190,0,1,1,5,1,3
202033,0,0,1,2,0,0
202191,0,0,1,6,1,1
202088,0,0,1,5,1,0
202222,0,0,1,4,1,1
202225,0,0,1,6,0,0
202188,0,0,1,4,1,2
202187,0,0,1,2,0,1
202150,0,0,1,11,1,0
202029,0,1,1,8,0,0
202185,0,0,1,5,0,1
202196,0,0,1,3,1,3
202116,0,0,1,7,0,0
202227,0,1,1,3,1,1
202210,0,0,1,7,1,0
202236,0,0,1,8,1,2
202009,0,1,1,3,1,3
202230,0,0,1,6,1,1
202183,0,0,1,7,0,0
202068,0,0,1,3,1,2
202226,0,0,1,2,1,3
202020,0,1,1,6,1,2
202093,0,1,1,9,1,3
202069,0,1,1,4,0,2
202178,0,0,1,3,1,0
202207,0,0,1,4,1,4
202123,0,0,1,5,1,1
202219,0,0,1,5,1,0
202186,0,1,1,3,1,4
202015,0,0,1,4,0,2
202175,0,0,1,6,0,0
202058,0,1,1,4,1,5
202192,0,1,1,9,1,2
202083,0,1,1,6,1,0
202084,0,0,1,6,1,2
202010,0,0,1,5,0,0
202242,0,0,1,3,1,0
202110,0,1,1,5,1,5
202245,0,0,1,6,1,0
202173,0,1,1,6,0,4
202142,0,1,1,4,0,3
202096,0,1,1,7,0,3
202106,0,1,1,5,1,0
202109,0,0,1,7,1,0
202228,0,0,1,1,1,1
202170,0,0,1,5,1,6
202169,0,0,1,7,0,0
202023,0,1,1,3,0,1
202049,0,0,1,4,1,4
202089,0,0,1,5,1,1
202168,0,1,1,5,0,0
202167,0,1,1,5,0,0
202250,0,0,1,4,0,2
202157,0,0,1,2,1,2
202012,0,1,1,7,1,1
202165,0,0,1,9,0,0
202149,0,0,1,3,1,3
202005,0,0,1,7,1,0
202060,0,1,1,2,0,0
202140,0,0,1,8,0,0
202119,0,1,1,3,1,0
202037,0,0,1,3,0,0
202172,0,0,1,4,1,2
202085,0,1,1,5,1,0
202162,0,1,1,4,1,3
202040,0,1,1,1,0,7
202098,0,0,1,4,1,3
202065,0,1,1,4,1,2
202159,0,1,1,3,0,1
202082,0,0,1,9,1,3
202104,0,1,1,4,1,3
202158,0,1,1,3,1,9
202039,0,0,1,7,0,1
202067,0,0,1,5,0,1
202018,0,1,1,6,0,0
202216,0,0,1,8,0,0
202145,0,0,1,3,1,1
202095,0,0,1,4,0,1
202105,0,0,1,3,1,2
202254,0,0,1,3,1,3
202224,0,0,1,5,1,3
202108,0,1,1,7,1,3
202253,0,1,1,5,1,1
202231,0,1,1,5,1,4
202042,0,1,1,3,1,0
202102,0,0,1,5,0,1
202100,0,1,1,1,0,6
202153,0,1,1,4,1,3
202152,0,0,1,4,1,1
202126,0,1,1,8,1,3
202137,0,1,1,6,1,3
202151,0,0,1,4,1,3
202111,0,0,1,4,1,0
202003,0,0,1,7,0,1
202073,0,1,1,7,1,1
202184,0,1,1,4,0,0
202054,0,0,1,8,1,1
202094,0,1,1,3,1,1
202244,0,1,1,3,1,1
202053,0,1,1,6,1,0
202025,0,1,1,4,1,0
202032,0,1,1,6,1,4
202206,0,1,1,5,1,1
202182,0,0,1,3,1,3
202086,0,1,1,6,1,4
202135,0,0,1,3,1,1
202240,0,1,1,4,1,5
202205,0,0,1,3,1,0
202179,0,0,1,5,0,2
202217,0,1,1,4,1,0
202197,0,1,1,6,1,3
202211,0,1,1,7,1,0
202243,0,0,1,4,1,5
202115,0,1,1,8,1,4
202232,0,0,1,4,0,0
202147,0,1,1,4,1,0
202141,0,1,1,3,0,6
202076,0,0,1,5,1,1
202246,0,1,1,3,1,1
202081,0,0,1,5,1,2
202072,0,0,1,5,0,0
202171,0,0,1,5,0,0
202045,0,1,1,2,1,1
202019,0,0,1,5,1,3
202011,0,0,1,5,1,2
202043,0,1,1,6,0,0
202237,0,0,1,7,0,4
202209,0,1,1,5,0,0
202028,0,0,1,3,1,2
202114,0,0,1,9,0,4
202136,0,0,1,7,1,2
202044,0,0,1,2,0,3
202239,0,0,1,4,1,1
202055,0,1,1,5,1,6
202078,0,1,1,4,1,2
202048,0,1,1,4,0,1
202134,0,1,1,5,1,3
202133,0,0,1,5,0,1
202132,0,0,1,3,1,5
202177,0,0,1,6,1,7
202198,0,0,1,5,0,2
202074,0,0,1,4,1,0
202241,0,1,1,5,1,1
202007,0,0,1,3,1,3
202130,0,0,1,5,1,1
202034,0,0,1,7,1,4
202129,0,1,1,6,1,6
202047,0,0,1,5,0,1
202014,0,0,1,8,1,3
202036,0,0,1,6,1,7
202220,0,0,1,10,1,0
202193,0,0,1,7,1,0
202002,0,0,1,2,0,1
202059,0,0,1,7,1,1
202038,0,0,1,6,0,2
202138,0,1,1,5,1,3
202194,0,0,1,7,0,0
202125,0,0,1,5,0,0
202233,0,1,1,5,1,2
202124,0,1,1,5,0,0
202238,0,0,1,7,1,1
202004,0,0,1,6,1,2
202122,0,0,1,4,1,1
202013,0,1,1,6,1,1
202229,0,1,1,5,0,0
202112,0,0,1,3,1,0
202006,0,0,1,6,0,0
202249,0,1,1,6,0,0
202118,0,0,1,4,0,0
202212,0,0,1,5,0,0
202026,0,0,1,4,1,5
202008,0,0,1,5,1,1
202071,0,0,1,5,1,0
202144,0,1,1,5,1,1
202117,0,1,1,5,1,0
202087,0,0,1,5,0,0
202208,0,0,1,5,1,5
202030,0,0,1,5,1,5
202213,0,0,1,5,1,0
202128,0,1,1,4,0,0
202120,0,1,1,1,1,0
202113,0,0,1,6,0,1
202218,0,1,1,4,0,0
202062,0,1,1,6,1,2
202103,0,0,1,4,0,3
202066,0,0,1,4,1,0
202176,0,0,1,6,0,0
202234,0,1,1,4,0,1
202131,0,1,1,3,0,2
202051,0,1,1,4,0,2
202070,0,0,1,5,1,0
202107,0,0,1,5,1,6
202160,0,0,1,4,1,0
202035,0,0,1,4,1,2
202200,0,0,1,6,1,1
202061,0,0,1,7,0,2
202214,0,1,1,6,0,0
202148,0,1,1,3,0,3
202143,0,0,1,5,1,1
202163,0,0,1,4,1,2
202022,0,1,1,6,1,1
202195,0,1,0,6,1,2
202064,0,1,1,3,0,0
202024,0,0,1,3,1,1
202154,0,1,1,6,0,0
202052,0,1,1,2,1,1
202097,0,1,1,5,1,1
202127,0,0,1,4,0,1
202203,0,1,1,4,0,2
202166,0,0,1,3,0,3
202090,0,0,1,5,1,2
202146,0,0,1,4,0,0
202223,0,0,1,3,0,0
202041,0,1,1,3,1,2
202201,0,1,1,3,0,1
202215,0,1,1,5,0,0
202155,0,0,1,3,1,3
202202,0,0,1,6,1,3
202031,0,0,1,4,1,1
202181,0,0,1,3,1,2
202077,0,1,1,5,1,9
202017,0,1,1,4,0,1
202027,0,1,1,7,1,0
202001,0,1,1,4,1,0
202156,0,1,1,8,1,0
202057,0,0,1,6,1,1
202080,0,1,1,4,1,0
202091,0,0,1,6,0,0
202021,0,1,1,4,1,0
202092,0,1,1,5,1,1
202056,0,1,1,4,0,5
202101,0,0,1,4,1,1
202161,0,0,1,6,0,0
202189,0,1,1,3,0,0
202079,0,1,0,4,1,3
202063,0,1,1,3,1,1
202050,0,0,1,4,1,0
202046,0,1,1,4,0,4
202121,0,0,1,4,1,0
202235,0,1,1,8,0,2
202252,0,1,1,7,1,2
202164,0,0,1,6,1,5
202251,0,0,1,5,0,0
202099,0,0,1,7,1,2
202139,0,1,1,3,1,9
202016,0,1,1,7,0,3
202248,0,1,1,3,0,2
202247,0,1,1,4,0,3
202199,0,1,1,6,0,1
202174,0,1,1,3,1,1
202180,0,1,1,6,0,2
202204,0,0,1,6,0,0
202221,0,1,1,5,0,0
203001,0,1,1,2,1,2
203003,0,1,1,3,1,3
203004,0,1,1,6,1,0
203002,0,1,1,5,1,2
204029,0,1,1,4,1,0
204039,0,1,1,3,1,6
204019,0,1,1,10,1,1
204046,0,0,1,3,1,3
204032,0,0,1,9,1,1
204027,0,0,1,4,1,4
204043,0,0,1,5,1,0
204007,0,0,1,3,1,0
204012,0,1,1,3,0,0
204031,0,0,1,6,0,0
204023,0,0,1,5,1,4
204013,0,1,1,7,1,3
204021,0,0,1,5,0,0
204034,0,0,1,4,0,1
204003,0,1,1,5,1,4
204015,0,0,1,7,0,1
204008,0,0,1,4,1,1
204001,0,0,1,7,1,1
204017,0,1,1,3,1,1
204002,0,1,1,2,0,0
204010,0,1,1,5,0,4
204030,0,0,1,6,0,2
204009,0,0,1,5,1,3
204045,0,0,1,3,1,2
204036,0,1,1,3,1,1
204037,0,0,1,9,1,0
204025,0,1,1,4,1,4
204024,0,0,1,6,1,1
204047,0,1,1,5,1,3
204005,0,0,1,7,1,0
204016,0,0,1,6,1,0
204014,0,1,1,3,0,4
204038,0,0,1,5,1,1
204041,0,0,1,4,0,0
204035,0,0,1,4,1,3
204018,0,1,1,4,1,3
204004,0,1,1,3,1,1
204022,0,1,1,4,1,4
204033,0,1,1,6,0,0
204020,0,1,1,3,1,3
204006,0,0,1,5,1,0
204042,0,0,1,4,1,2
204044,0,1,1,1,0,0
204040,0,0,1,4,1,2
204026,0,1,1,4,1,2
204011,0,1,1,3,1,2
204028,0,0,1,6,1,2
205012,0,0,1,1,0,2
205024,0,1,1,7,0,0
205022,0,0,1,4,1,2
205014,0,0,1,5,0,1
205020,0,1,1,4,1,2
205003,0,1,1,7,1,0
205010,0,0,1,7,1,4
205016,0,0,1,7,1,0
205017,0,0,1,4,0,0
205001,0,1,1,5,1,0
205004,0,1,1,5,1,1
205018,0,0,1,3,0,2
205015,0,1,1,6,1,2
205007,0,1,1,4,1,0
205019,0,1,0,3,0,3
205023,0,1,1,5,0,1
205013,0,1,1,4,1,3
205021,0,1,1,5,0,2
205008,0,0,1,7,1,3
205006,0,0,1,1,1,1
205011,0,0,1,5,1,1
205002,0,0,1,4,1,1
205005,0,0,1,3,1,0
205009,0,1,1,7,1,9
206001,0,0,1,7,1,1
207004,0,1,1,4,1,2
207086,0,0,1,5,0,3
207055,0,0,1,3,1,0
207052,0,0,1,5,1,1
207012,0,0,1,4,0,1
207038,0,1,1,4,1,1
207003,0,1,1,6,0,2
207081,0,1,1,6,0,2
207063,0,1,1,7,1,0
207026,0,1,1,3,1,3
207087,0,0,1,3,1,0
207028,0,1,1,5,1,0
207066,0,0,1,7,0,0
207027,0,0,1,9,1,1
207089,0,0,1,3,1,1
207044,0,0,1,4,1,0
207043,0,0,1,5,0,1
207091,0,0,1,6,0,1
207005,0,0,1,4,1,1
207011,0,1,1,6,0,1
207074,0,1,1,5,1,3
207095,0,1,1,5,0,2
207096,0,0,1,4,1,2
207024,0,0,1,3,1,2
207042,0,1,1,2,0,0
207071,0,0,1,8,0,1
207032,0,1,1,4,1,0
207022,0,1,1,8,0,1
207069,0,0,1,4,0,3
207034,0,1,1,6,0,3
207080,0,0,1,3,1,1
207017,0,1,1,5,1,2
207099,0,0,1,6,1,0
207070,0,0,1,6,0,0
207097,0,0,1,4,0,3
207006,0,1,1,5,1,8
207048,0,0,1,5,1,1
207098,0,1,1,7,1,0
207013,0,0,1,5,1,0
207033,0,1,1,4,0,2
207035,0,1,1,2,0,4
207065,0,0,1,8,1,0
207008,0,1,1,6,0,2
207054,0,0,1,7,1,0
207061,0,1,1,7,1,0
207041,0,1,1,7,0,3
207093,0,1,1,5,1,0
207040,0,1,1,3,0,1
207025,0,1,1,5,1,4
207037,0,0,1,6,1,4
207067,0,0,1,4,1,0
207059,0,0,1,1,1,0
207009,0,0,1,5,1,3
207019,0,1,1,8,1,1
207014,0,0,1,5,1,1
207060,0,1,1,7,0,1
207050,0,1,1,6,0,1
207051,0,1,1,3,1,4
207088,0,1,1,9,1,1
207016,0,1,1,4,1,1
207045,0,0,1,5,1,2
207046,0,1,1,9,0,1
207090,0,0,1,3,0,1
207094,0,1,1,5,1,0
207062,0,0,1,5,1,3
207073,0,0,1,5,1,1
207092,0,0,1,5,1,3
207085,0,1,1,6,1,0
207084,0,0,1,5,0,0
207049,0,1,1,6,1,0
207064,0,1,1,6,0,2
207083,0,0,1,4,1,2
207082,0,1,1,4,1,2
207057,0,1,1,6,1,1
207018,0,1,1,6,1,3
207010,0,0,1,5,1,3
207029,0,1,1,5,1,3
207078,0,0,1,4,1,0
207021,0,1,1,3,1,3
207015,0,0,1,5,0,2
207039,0,1,1,4,1,0
207053,0,1,1,4,0,3
207058,0,1,1,7,1,1
207079,0,1,1,5,1,2
207036,0,0,1,5,1,1
207100,0,1,1,5,1,1
207047,0,0,1,5,1,3
207076,0,0,1,9,0,0
207103,0,1,1,4,0,2
207068,0,0,1,3,0,0
207007,0,0,1,5,1,0
207023,0,0,1,8,0,0
207077,0,0,1,9,1,3
207020,0,0,1,7,1,2
207075,0,0,1,6,1,3
207002,0,0,1,4,1,0
207072,0,0,1,3,1,3
207101,0,1,1,5,1,1
207001,0,1,1,5,1,2
207102,0,1,1,3,1,0
207031,0,1,1,3,1,4
207030,0,1,1,3,1,4
207056,0,1,1,4,1,3
208021,0,1,1,4,0,0
208008,0,0,1,4,0,0
208010,0,0,1,5,0,0
208017,0,1,1,7,1,0
208016,0,0,1,3,1,1
208009,0,1,1,8,1,2
208019,0,0,1,6,0,1
208002,0,1,1,6,0,0
208001,0,1,1,9,1,0
208012,0,1,1,3,0,3
208022,0,1,1,5,0,3
208020,0,1,1,4,0,3
208006,0,0,1,4,1,3
208014,0,0,1,2,0,1
208007,0,0,1,6,0,1
208015,0,1,1,5,0,7
208003,0,0,1,6,1,0
208023,0,0,1,10,1,4
208004,0,0,1,7,0,0
208013,0,0,1,5,1,2
208011,0,1,1,6,1,3
208018,0,1,1,3,1,2
208005,0,1,1,7,1,5
209004,0,1,1,6,1,3
209020,0,1,1,3,1,2
209003,0,1,1,1,1,3
209002,0,1,1,5,1,6
209007,0,1,1,3,1,3
209017,0,1,1,4,0,0
209015,0,1,1,6,0,0
209021,0,0,1,4,1,1
209009,0,0,0,5,1,1
209016,0,0,1,6,1,0
209014,0,1,1,4,1,1
209008,0,0,1,6,0,1
209012,0,1,1,6,1,0
209005,0,0,1,5,1,3
209011,0,0,1,5,1,1
209006,0,1,1,4,1,3
209019,0,0,1,3,1,9
209013,0,1,1,3,0,2
209010,0,1,1,4,0,1
209001,0,0,1,4,0,0
209018,0,1,0,6,0,2
101043,1,0,1,3,1,9
101203,1,0,1,6,0,1
101227,1,0,1,10,1,3
101108,1,0,1,9,0,9
101239,1,0,1,8,0,2
101222,1,0,1,6,0,6
101030,1,1,1,7,0,5
101229,1,0,1,7,1,3
101122,1,0,1,7,1,9
101188,1,0,1,11,1,4
101232,1,0,1,6,1,9
101010,1,1,1,5,1,5
101039,1,0,1,5,1,6
101067,1,1,0,7,0,3
101258,1,0,1,6,0,3
101236,1,0,1,2,1,4
101115,1,0,1,3,1,2
101171,1,1,1,4,1,1
101070,1,1,1,7,1,3
101157,1,0,1,6,1,2
101252,1,1,1,7,1,3
101272,1,0,1,5,1,7
101034,1,1,1,6,1,6
101038,1,0,1,5,1,9
101279,1,0,1,6,1,5
101248,1,1,1,5,1,9
101072,1,1,0,5,1,8
101130,1,1,1,3,1,4
101214,1,1,1,2,1,3
101046,1,1,0,4,1,5
101032,1,1,1,4,1,0
101096,1,1,1,9,1,7
101264,1,0,1,11,1,3
101123,1,0,1,3,1,9
101176,1,1,1,3,1,4
101144,1,1,1,1,1,0
101302,1,1,1,1,1,3
101223,1,0,1,4,0,3
101026,1,1,1,5,1,2
101183,1,0,1,3,1,6
101282,1,1,1,6,1,6
101025,1,1,1,4,0,0
101167,1,1,1,6,1,3
101294,1,0,1,6,1,3
101216,1,1,1,3,1,8
101053,1,1,1,7,0,5
101256,1,0,1,5,1,5
101129,1,1,1,4,1,6
101042,1,1,1,5,1,4
101234,1,0,1,7,1,4
101210,1,1,1,4,1,0
101022,1,1,1,6,0,2
101021,1,1,1,3,1,1
101174,1,1,1,5,1,4
101020,1,1,1,6,1,9
101019,1,0,1,6,0,5
101124,1,1,1,6,1,6
101224,1,1,1,3,1,2
101049,1,1,1,1,1,8
101271,1,0,1,4,1,4
101240,1,0,1,5,0,2
101184,1,0,1,7,1,6
101286,1,0,1,2,1,3
101001,1,1,1,6,1,1
101081,1,1,1,4,1,3
101017,1,0,1,4,1,1
101016,1,1,1,1,0,2
101002,1,1,1,5,1,7
101015,1,0,1,6,1,2
101270,1,1,1,3,1,4
101225,1,0,1,4,1,1
101014,1,0,1,6,1,3
101140,1,0,1,4,0,1
101146,1,0,1,1,1,8
101182,1,1,1,6,1,9
101071,1,0,1,4,0,6
101135,1,1,1,7,1,2
101114,1,1,1,4,1,8
101012,1,1,1,2,1,5
101131,1,0,1,5,1,4
101044,1,0,1,3,1,1
101237,1,1,1,5,1,3
101199,1,0,1,4,1,2
101284,1,0,1,3,0,0
101008,1,0,1,5,1,6
101276,1,1,0,4,1,9
101172,1,0,1,7,1,3
101192,1,1,1,5,1,4
101180,1,0,1,6,1,4
101162,1,0,1,1,1,7
101208,1,0,1,7,1,6
101120,1,1,1,2,1,1
101104,1,1,1,3,0,3
101166,1,1,1,3,1,0
101148,1,0,1,3,1,7
101003,1,0,1,5,1,3
101089,1,0,1,7,1,3
101213,1,1,1,4,1,1
101260,1,1,1,4,1,9
101283,1,1,1,2,1,1
101267,1,1,1,5,1,7
101218,1,1,1,4,1,9
101152,1,1,1,3,1,9
101194,1,1,1,6,1,7
101295,1,0,1,4,1,6
101253,1,0,1,4,0,3
101255,1,1,1,3,1,7
101170,1,1,1,3,0,5
101265,1,0,1,4,1,6
101251,1,0,1,4,1,8
101095,1,1,1,3,1,3
101244,1,1,1,6,1,2
101098,1,0,1,5,0,9
101035,1,0,1,4,1,5
101051,1,1,1,3,1,5
101154,1,0,1,3,0,2
101139,1,1,1,6,1,4
101094,1,0,1,6,1,8
101093,1,1,1,4,1,7
101092,1,1,1,3,1,1
101289,1,1,1,5,1,4
101298,1,0,1,5,1,5
101292,1,1,0,3,1,9
101259,1,0,1,5,1,5
101262,1,0,1,5,1,0
101066,1,1,1,4,1,3
101091,1,1,1,6,1,3
101274,1,1,1,4,0,6
101090,1,1,1,4,1,3
101195,1,1,1,4,1,4
101209,1,0,1,1,1,6
101231,1,0,1,7,0,6
101047,1,1,1,2,1,3
101169,1,1,1,4,0,1
101242,1,0,1,2,1,1
101287,1,0,1,12,1,4
101247,1,0,1,4,1,3
101134,1,0,1,4,1,3
101086,1,1,1,2,1,1
101261,1,1,1,5,1,5
101198,1,1,1,5,0,1
101290,1,1,1,3,1,5
101069,1,1,1,6,1,3
101082,1,0,0,6,1,5
101187,1,1,1,1,1,0
101288,1,1,1,5,1,5
101107,1,1,1,2,1,5
101278,1,1,1,4,0,1
101041,1,1,1,6,1,3
101200,1,1,0,4,1,0
101006,1,1,1,5,1,9
101141,1,1,1,2,1,9
101078,1,0,0,10,0,5
101077,1,1,1,8,1,9
101178,1,1,1,4,1,4
101241,1,1,1,5,0,8
101056,1,0,1,4,1,2
101204,1,1,1,2,1,1
101073,1,1,1,5,1,9
101243,1,0,1,4,1,4
101138,1,0,1,2,0,3
101285,1,1,1,4,1,9
101268,1,0,1,7,1,4
101190,1,1,1,5,1,3
101105,1,1,0,5,1,3
101221,1,0,1,4,1,9
101245,1,1,1,2,1,8
101297,1,1,1,5,1,3
101079,1,1,1,6,1,3
101147,1,1,1,6,0,2
101029,1,0,1,4,1,9
101202,1,1,1,5,0,3
101076,1,1,1,6,0,5
101158,1,1,1,6,1,6
101250,1,1,1,6,1,6
101189,1,0,1,5,1,2
101179,1,0,1,5,0,8
101193,1,1,1,4,1,4
101175,1,1,1,6,0,2
101068,1,1,1,6,1,6
101058,1,1,1,3,1,3
101119,1,0,1,4,1,4
101018,1,0,1,4,1,3
101275,1,0,1,4,0,6
101063,1,1,1,5,1,5
101164,1,1,1,7,1,3
101133,1,0,1,4,1,3
101061,1,1,1,7,1,8
101159,1,1,1,2,0,6
101097,1,1,1,8,0,9
101235,1,1,1,3,0,9
101088,1,1,1,4,0,8
101059,1,1,1,3,1,6
101080,1,1,1,3,1,3
101149,1,1,0,10,0,6
101127,1,1,1,5,1,2
101057,1,1,1,5,1,5
101269,1,1,0,4,1,8
101217,1,1,1,1,0,0
101101,1,1,1,9,1,7
101085,1,1,1,6,1,0
101054,1,1,0,2,1,2
101143,1,1,1,2,1,3
101023,1,1,1,4,1,0
101062,1,1,1,1,1,6
101075,1,1,1,2,1,9
101132,1,1,1,8,1,9
101177,1,1,1,3,1,4
101052,1,1,1,1,0,9
101299,1,1,1,2,0,4
101153,1,1,1,7,1,2
101207,1,1,1,3,1,0
101156,1,1,1,4,0,3
101024,1,1,1,3,0,7
101206,1,1,1,2,1,4
101004,1,1,1,4,0,1
101273,1,1,1,14,1,2
101050,1,1,1,8,1,3
101064,1,1,1,5,1,3
101219,1,1,1,6,1,5
101233,1,1,1,3,1,4
101145,1,1,1,6,0,9
101109,1,1,1,3,1,6
101087,1,1,1,2,1,5
101161,1,1,1,3,1,0
101055,1,1,1,7,1,5
101201,1,1,1,1,1,0
101196,1,1,1,2,0,1
101009,1,1,1,21,1,6
101151,1,1,1,4,1,3
101277,1,1,1,1,1,9
101228,1,1,1,6,1,9
101136,1,1,1,4,0,8
101301,1,1,1,3,0,9
101113,1,1,1,1,1,3
101007,1,1,1,3,1,9
101230,1,1,1,8,1,3
101212,1,1,1,2,1,3
101100,1,1,1,4,0,9
101254,1,1,1,3,1,3
101150,1,1,1,3,1,7
101106,1,1,0,3,1,2
101293,1,1,1,3,0,0
101137,1,1,0,5,1,3
101257,1,1,1,3,1,9
101045,1,1,1,1,1,5
101102,1,1,1,5,0,8
101185,1,1,0,6,1,3
101074,1,1,1,7,1,3
101013,1,1,1,4,1,3
101118,1,1,1,4,1,3
101160,1,1,1,3,0,3
101005,1,1,1,4,0,0
101126,1,1,1,12,0,5
101117,1,1,1,2,1,3
101215,1,1,1,4,1,6
101266,1,1,1,1,0,2
101280,1,1,1,5,1,6
101163,1,1,0,5,1,5
101116,1,1,1,2,1,2
101165,1,0,1,7,1,4
101173,1,1,1,5,1,8
101238,1,1,1,5,1,3
101197,1,1,1,2,1,9
101186,1,1,1,4,1,3
101181,1,1,1,3,1,9
101296,1,1,1,3,1,8
101028,1,1,1,4,0,7
101112,1,1,1,1,1,2
101111,1,1,0,2,1,6
101191,1,1,1,6,0,0
101031,1,1,1,4,1,4
101128,1,1,1,3,0,3
101084,1,1,0,4,1,3
101291,1,1,1,4,0,0
101011,1,1,1,9,0,3
101027,1,1,1,2,1,5
101263,1,0,1,6,0,0
101281,1,1,1,4,1,8
101037,1,1,1,10,0,1
101300,1,1,1,2,1,2
101125,1,1,1,4,1,9
101103,1,1,1,1,0,2
102107,1,0,1,3,1,9
102017,1,0,1,6,1,7
102143,1,1,1,6,1,4
102129,1,0,1,4,1,7
102028,1,0,1,5,1,3
102081,1,1,0,3,1,5
102012,1,0,1,3,0,2
102132,1,1,1,6,1,1
102004,1,1,1,2,1,2
102154,1,1,1,3,1,3
102167,1,0,1,8,1,2
102007,1,0,1,3,1,5
102128,1,0,1,3,1,3
102117,1,0,1,6,1,9
102066,1,1,1,7,1,5
102125,1,0,1,6,0,0
102063,1,1,1,5,1,4
102097,1,0,1,7,1,8
102078,1,0,1,4,1,0
102026,1,0,1,6,1,8
102080,1,1,1,3,1,9
102019,1,0,1,5,0,9
102022,1,1,1,3,0,7
102001,1,1,1,14,1,3
102116,1,1,1,3,1,5
102122,1,0,1,3,1,0
102055,1,0,1,2,1,0
102036,1,0,1,6,1,3
102062,1,0,1,6,1,9
102150,1,0,1,12,0,4
102064,1,0,1,5,1,3
102021,1,0,1,9,0,9
102168,1,1,1,5,1,5
102010,1,1,1,6,1,3
102076,1,0,1,4,0,7
102018,1,0,1,4,1,2
102104,1,1,1,6,1,3
102016,1,1,1,5,1,1
102124,1,0,1,8,1,2
102130,1,0,1,5,0,3
102162,1,0,1,4,0,1
102127,1,0,1,6,1,5
102101,1,1,1,2,0,0
102115,1,1,1,3,0,0
102110,1,0,1,6,1,5
102163,1,0,1,6,0,4
102165,1,0,1,6,1,1
102038,1,1,1,5,1,3
102032,1,0,1,5,1,9
102073,1,0,1,6,1,1
102158,1,0,1,7,1,4
102166,1,0,1,4,0,3
102075,1,1,1,4,0,9
102094,1,1,1,6,1,0
102138,1,1,1,13,1,4
102008,1,0,1,8,1,9
102013,1,0,1,10,0,2
102142,1,0,1,7,1,5
102079,1,0,1,5,1,2
102148,1,1,1,5,1,3
102050,1,0,1,6,1,9
102037,1,0,1,4,0,6
102156,1,1,1,6,1,0
102020,1,1,1,3,1,2
102071,1,1,1,4,1,6
102041,1,1,1,6,1,2
102045,1,1,1,6,1,6
102006,1,0,1,5,0,2
102054,1,0,1,4,1,2
102061,1,0,1,7,0,3
102134,1,0,1,8,1,7
102043,1,0,1,5,0,3
102095,1,0,1,4,1,3
102058,1,0,1,7,1,0
102052,1,0,1,6,0,2
102027,1,0,1,3,0,3
102084,1,0,1,7,1,4
102111,1,0,1,9,1,4
102053,1,0,1,3,1,3
102015,1,0,1,4,1,9
102077,1,0,1,6,1,3
102034,1,0,1,5,0,2
102051,1,0,1,5,1,4
102031,1,0,1,7,1,5
102155,1,0,1,3,1,4
102135,1,0,1,6,1,0
102048,1,1,1,2,1,4
102164,1,0,1,5,1,2
102139,1,0,1,4,1,3
102047,1,1,1,5,1,8
102103,1,0,1,6,1,5
102091,1,0,1,5,1,0
102067,1,0,1,8,1,8
102046,1,0,1,5,1,0
102149,1,0,1,3,1,3
102140,1,0,1,7,1,3
102072,1,0,1,4,1,1
102044,1,0,1,5,1,5
102102,1,0,1,7,1,6
102002,1,0,1,5,1,3
102014,1,0,1,9,1,6
102033,1,1,1,2,1,9
102120,1,0,1,4,1,1
102109,1,0,1,9,1,6
102108,1,1,1,5,1,6
102105,1,1,1,3,0,2
102136,1,0,1,6,0,4
102151,1,0,1,10,1,9
102069,1,0,1,3,0,6
102023,1,0,1,5,1,5
102144,1,0,1,3,1,3
102060,1,1,1,4,1,9
102035,1,1,1,2,1,7
102074,1,0,1,5,1,7
102123,1,1,1,4,1,4
102113,1,0,1,5,0,9
102068,1,0,1,5,1,3
102009,1,0,1,7,1,7
102137,1,0,1,8,1,1
102121,1,0,1,8,1,9
102096,1,0,1,7,1,4
102030,1,0,1,3,1,3
102059,1,0,1,8,1,2
102065,1,0,1,6,1,5
102099,1,1,1,2,1,4
102025,1,1,1,15,1,6
102092,1,1,1,5,1,1
102024,1,0,1,13,1,9
102029,1,0,1,6,1,2
102169,1,0,1,5,1,0
102057,1,0,1,7,1,3
102039,1,1,0,4,0,6
102083,1,1,1,4,1,0
102093,1,0,1,5,1,3
102049,1,1,1,2,0,3
102153,1,0,1,5,1,3
102170,1,0,1,8,1,3
102011,1,0,1,5,0,3
102056,1,1,1,6,1,2
102112,1,1,1,8,1,6
102114,1,1,1,5,1,3
102090,1,1,1,5,1,6
102089,1,0,1,5,0,5
102088,1,0,1,7,0,0
102133,1,1,1,6,1,8
102119,1,0,1,5,1,8
102161,1,0,1,10,0,8
102106,1,0,1,5,0,9
102086,1,1,1,6,1,5
102159,1,1,1,5,1,8
102141,1,1,1,5,1,9
102085,1,0,1,5,1,0
102146,1,1,1,4,0,0
102152,1,1,1,6,1,5
102100,1,1,1,2,0,3
102098,1,1,1,9,1,4
102005,1,1,1,4,1,7
102126,1,1,1,7,1,5
102145,1,1,1,1,1,9
102082,1,1,1,2,0,0
102157,1,1,1,6,1,5
102160,1,1,1,4,1,0
102040,1,1,1,5,1,5
102131,1,1,1,10,1,4
102118,1,1,1,10,1,3
102070,1,1,0,6,1,7
102087,1,1,1,5,1,4
103001,1,0,1,4,1,2
104010,1,0,1,5,0,2
104021,1,1,1,7,1,3
104025,1,0,1,2,1,5
104004,1,1,1,4,0,0
104009,1,0,1,4,1,3
104013,1,0,1,6,1,1
104008,1,1,1,5,0,3
104003,1,1,1,4,1,5
104012,1,0,1,4,1,3
104017,1,1,1,6,1,3
104018,1,1,1,4,1,6
104022,1,1,1,4,1,2
104006,1,1,1,4,1,3
104030,1,1,1,5,1,7
104007,1,0,1,4,1,3
104002,1,1,1,4,1,6
104005,1,1,1,3,0,3
104019,1,0,1,5,1,9
104029,1,1,1,3,1,6
104014,1,1,1,5,0,2
104027,1,1,0,3,1,4
104015,1,1,1,2,1,2
104023,1,0,1,5,1,3
104016,1,0,1,5,1,4
104026,1,0,1,3,1,2
104024,1,1,1,3,1,3
104001,1,1,0,17,0,4
201003,1,1,1,5,1,6
201005,1,1,1,5,1,5
201012,1,1,1,8,1,4
201010,1,1,1,4,1,3
201021,1,1,1,4,1,2
201011,1,1,1,6,1,5
201019,1,1,1,3,0,2
201022,1,0,1,5,1,5
201006,1,1,1,6,0,9
201013,1,1,1,6,1,6
201001,1,1,1,4,1,4
201009,1,1,1,4,1,3
201014,1,0,1,4,1,4
201002,1,0,1,8,1,7
201007,1,1,1,5,1,3
201016,1,1,1,4,0,3
201008,1,0,1,5,1,6
201015,1,0,1,5,1,9
201017,1,1,1,3,1,2
202075,1,0,1,5,1,3
202190,1,1,1,5,0,5
202033,1,0,1,2,1,3
202191,1,0,1,6,1,4
202088,1,0,1,5,1,9
202222,1,0,1,4,1,3
202188,1,0,1,4,0,3
202187,1,0,1,2,1,2
202150,1,0,1,11,1,9
202029,1,1,1,8,1,8
202185,1,0,1,5,1,0
202196,1,0,1,3,0,2
202116,1,0,1,7,1,3
202227,1,1,1,3,0,7
202210,1,0,1,7,0,0
202236,1,0,1,8,0,9
202009,1,1,1,3,1,3
202068,1,0,1,3,0,1
202226,1,0,1,2,1,3
202020,1,1,1,6,1,9
202093,1,1,1,9,1,9
202069,1,1,1,4,1,3
202178,1,0,1,3,1,0
202207,1,0,1,4,1,1
202123,1,0,1,5,1,7
202219,1,0,1,5,0,5
202186,1,1,1,3,0,9
202015,1,0,1,4,1,4
202175,1,0,1,6,0,2
202058,1,1,1,4,1,5
202192,1,1,1,9,0,7
202084,1,0,1,6,1,6
202010,1,0,1,5,0,5
202242,1,0,1,3,1,2
202245,1,0,1,6,0,4
202173,1,1,1,6,1,3
202142,1,1,1,4,1,4
202096,1,1,1,7,1,3
202106,1,1,1,5,0,2
202109,1,0,1,7,0,0
202228,1,0,1,1,1,7
202170,1,0,1,5,1,1
202169,1,0,1,7,1,3
202023,1,1,1,3,1,3
202049,1,0,1,4,1,1
202089,1,0,1,5,0,3
202168,1,1,1,5,1,3
202167,1,1,1,5,1,9
202250,1,0,1,4,1,4
202157,1,0,1,2,1,7
202012,1,1,1,7,0,4
202165,1,0,1,9,1,9
202149,1,0,1,3,1,2
202005,1,0,1,7,1,3
202060,1,1,1,2,1,1
202140,1,0,1,8,0,8
202119,1,1,1,3,1,8
202037,1,0,1,3,0,2
202172,1,0,1,4,1,0
202085,1,1,1,5,0,3
202040,1,1,1,1,1,1
202098,1,0,1,4,1,8
202065,1,1,1,4,1,3
202159,1,1,1,3,1,6
202082,1,0,1,9,1,2
202104,1,1,1,4,1,9
202158,1,1,1,3,1,3
202039,1,0,1,7,0,3
202067,1,0,1,5,0,3
202018,1,1,1,6,1,9
202216,1,0,1,8,0,3
202145,1,0,1,3,1,4
202095,1,0,1,4,1,5
202105,1,0,1,3,1,9
202254,1,0,1,3,1,3
202224,1,0,1,5,1,7
202108,1,1,1,7,0,3
202253,1,1,1,5,1,2
202042,1,1,1,3,0,0
202102,1,0,1,5,1,6
202100,1,1,1,1,1,5
202153,1,1,1,4,1,2
202152,1,0,1,4,1,8
202126,1,1,1,8,1,8
202151,1,0,1,4,1,0
202111,1,0,1,4,0,0
202003,1,0,1,7,1,3
202073,1,1,1,7,1,3
202184,1,1,1,4,1,0
202054,1,0,1,8,1,1
202094,1,1,1,3,1,9
202244,1,1,1,3,0,0
202025,1,1,1,4,1,5
202032,1,1,1,6,1,9
202206,1,1,1,5,1,4
202182,1,0,1,3,1,4
202086,1,1,1,6,0,4
202135,1,0,1,3,1,6
202240,1,1,1,4,1,3
202205,1,0,1,3,0,2
202179,1,0,1,5,1,9
202217,1,1,1,4,1,5
202197,1,1,1,6,1,9
202211,1,1,1,7,0,0
202243,1,0,1,4,1,9
202115,1,1,1,8,1,0
202232,1,0,1,4,1,2
202147,1,1,1,4,1,0
202076,1,0,1,5,1,6
202246,1,1,1,3,1,0
202081,1,0,1,5,1,3
202072,1,0,1,5,1,1
202171,1,0,1,5,1,4
202045,1,1,1,2,1,4
202019,1,0,1,5,0,8
202011,1,0,1,5,1,9
202043,1,1,1,6,0,7
202237,1,0,1,7,1,6
202028,1,0,1,3,0,3
202114,1,0,1,9,1,2
202136,1,0,1,7,1,9
202044,1,0,1,2,1,5
202239,1,0,1,4,0,0
202055,1,1,1,5,0,0
202048,1,1,1,4,0,1
202134,1,1,1,5,0,3
202133,1,0,1,5,0,0
202132,1,0,1,3,0,3
202177,1,0,1,6,0,1
202198,1,0,1,5,0,0
202074,1,0,1,4,0,3
202241,1,1,1,5,1,4
202007,1,0,1,3,0,3
202130,1,0,1,5,0,2
202034,1,0,1,7,1,2
202129,1,1,1,6,1,2
202047,1,0,1,5,1,1
202036,1,0,1,6,1,5
202220,1,0,1,10,1,7
202193,1,0,1,7,1,2
202002,1,0,1,2,1,2
202059,1,0,1,7,0,0
202038,1,0,1,6,0,3
202138,1,1,1,5,1,2
202194,1,0,1,7,1,2
202125,1,0,1,5,1,8
202233,1,1,1,5,1,2
202124,1,1,1,5,1,0
202238,1,0,1,7,0,6
202004,1,0,1,6,1,3
202122,1,0,1,4,0,4
202013,1,1,1,6,1,2
202229,1,1,1,5,1,3
202112,1,0,1,3,1,9
202006,1,0,1,6,1,5
202249,1,1,1,6,1,0
202212,1,0,1,5,1,4
202026,1,0,1,4,1,3
202008,1,0,1,5,1,3
202071,1,0,1,5,1,3
202144,1,1,1,5,0,9
202117,1,1,1,5,1,0
202087,1,0,1,5,0,0
202208,1,0,1,5,1,0
202030,1,0,1,5,1,5
202213,1,0,1,5,1,3
202128,1,1,1,4,1,3
202218,1,1,1,4,1,6
202062,1,1,1,6,1,2
202103,1,0,1,4,0,9
202066,1,0,1,4,1,9
202176,1,0,1,6,0,2
202131,1,1,1,3,1,8
202051,1,1,1,4,1,9
202070,1,0,1,5,1,5
202107,1,0,1,5,1,3
202160,1,0,1,4,0,8
202035,1,0,1,4,1,7
202200,1,0,1,6,1,1
202061,1,0,1,7,1,0
202214,1,1,1,6,1,1
202148,1,1,1,3,0,9
202143,1,0,1,5,1,2
202163,1,0,1,4,0,2
202022,1,1,1,6,1,3
202195,1,1,0,6,1,3
202064,1,1,1,3,0,5
202024,1,0,1,3,1,4
202154,1,1,1,6,1,3
202097,1,1,1,5,1,4
202127,1,0,1,4,1,3
202203,1,1,1,4,1,4
202166,1,0,1,3,1,1
202090,1,0,1,5,1,4
202146,1,0,1,4,1,7
202223,1,0,1,3,1,3
202041,1,1,1,3,1,5
202201,1,1,1,3,1,3
202215,1,1,1,5,1,8
202155,1,0,1,3,1,5
202202,1,0,1,6,1,3
202031,1,0,1,4,0,1
202181,1,0,1,3,1,9
202077,1,1,1,5,1,7
202027,1,1,1,7,1,9
202001,1,1,1,4,0,2
202156,1,1,1,8,1,1
202057,1,0,1,6,0,6
202080,1,1,1,4,1,4
202091,1,0,1,6,1,8
202021,1,1,1,4,0,3
202092,1,1,1,5,1,0
202056,1,1,1,4,1,2
202161,1,0,1,6,1,9
202189,1,1,1,3,1,1
202079,1,1,0,4,1,0
202063,1,1,1,3,1,6
202050,1,0,1,4,1,3
202046,1,1,1,4,1,2
202121,1,0,1,4,0,3
202235,1,1,1,8,0,4
202252,1,1,1,7,1,3
202164,1,0,1,6,1,3
202251,1,0,1,5,1,5
202099,1,0,1,7,1,3
202139,1,1,1,3,1,4
202016,1,1,1,7,1,0
202248,1,1,1,3,1,7
202247,1,1,1,4,1,8
202199,1,1,1,6,1,4
202174,1,1,1,3,0,3
202180,1,1,1,6,1,2
202204,1,0,1,6,1,4
202221,1,1,1,5,1,1
203001,1,1,1,2,0,3
203003,1,1,1,3,1,3
203004,1,1,1,6,0,5
203002,1,1,1,5,1,7
204029,1,1,1,4,1,3
204039,1,1,1,3,0,1
204019,1,1,1,10,0,0
204046,1,0,1,3,1,3
204032,1,0,1,9,0,9
204027,1,0,1,4,0,2
204043,1,0,1,5,1,2
204012,1,1,1,3,1,1
204031,1,0,1,6,1,9
204013,1,1,1,7,1,2
204021,1,0,1,5,1,8
204034,1,0,1,4,1,0
204003,1,1,1,5,1,8
204015,1,0,1,7,0,3
204001,1,0,1,7,1,1
204017,1,1,1,3,1,2
204002,1,1,1,2,1,4
204010,1,1,1,5,1,6
204030,1,0,1,6,1,3
204009,1,0,1,5,1,3
204045,1,0,1,3,1,2
204036,1,1,1,3,1,3
204037,1,0,1,9,1,3
204025,1,1,1,4,1,0
204024,1,0,1,6,1,3
204047,1,1,1,5,1,0
204005,1,0,1,7,1,3
204016,1,0,1,6,1,7
204014,1,1,1,3,1,9
204038,1,0,1,5,1,8
204041,1,0,1,4,1,7
204035,1,0,1,4,0,6
204018,1,1,1,4,1,3
204004,1,1,1,3,0,3
204022,1,1,1,4,0,4
204033,1,1,1,6,1,6
204020,1,1,1,3,1,4
204006,1,0,1,5,0,7
204042,1,0,1,4,0,3
204044,1,1,1,1,1,5
204040,1,0,1,4,1,5
204026,1,1,1,4,1,3
204011,1,1,1,3,1,3
204028,1,0,1,6,1,8
205024,1,1,1,7,1,7
205022,1,0,1,4,1,7
205014,1,0,1,5,1,0
205020,1,1,1,4,1,3
205003,1,1,1,7,0,9
205010,1,0,1,7,1,3
205016,1,0,1,7,1,3
205017,1,0,1,4,1,4
205001,1,1,1,5,1,9
205004,1,1,1,5,1,5
205018,1,0,1,3,1,2
205015,1,1,1,6,1,3
205007,1,1,1,4,1,8
205019,1,1,0,3,1,4
205023,1,1,1,5,0,3
205013,1,1,1,4,0,3
205021,1,1,1,5,1,6
205008,1,0,1,7,1,0
205006,1,0,1,1,1,3
205011,1,0,1,5,1,3
205002,1,0,1,4,0,3
205005,1,0,1,3,1,3
205009,1,1,1,7,1,6
206001,1,0,1,7,1,4
207004,1,1,1,4,1,3
207086,1,0,1,5,1,7
207055,1,0,1,3,1,5
207052,1,0,1,5,1,3
207012,1,0,1,4,1,4
207038,1,1,1,4,1,2
207003,1,1,1,6,1,3
207081,1,1,1,6,1,9
207063,1,1,1,7,0,3
207026,1,1,1,3,0,4
207087,1,0,1,3,1,2
207028,1,1,1,5,1,8
207066,1,0,1,7,1,7
207027,1,0,1,9,1,0
207044,1,0,1,4,0,2
207043,1,0,1,5,1,7
207091,1,0,1,6,0,5
207005,1,0,1,4,1,3
207011,1,1,1,6,1,9
207074,1,1,1,5,1,3
207095,1,1,1,5,1,0
207096,1,0,1,4,0,5
207024,1,0,1,3,1,2
207042,1,1,1,2,1,2
207032,1,1,1,4,0,2
207022,1,1,1,8,1,4
207069,1,0,1,4,1,3
207080,1,0,1,3,1,1
207017,1,1,1,5,1,2
207099,1,0,1,6,1,1
207070,1,0,1,6,1,2
207097,1,0,1,4,1,3
207006,1,1,1,5,1,4
207048,1,0,1,5,1,7
207098,1,1,1,7,1,2
207013,1,0,1,5,0,4
207033,1,1,1,4,1,3
207035,1,1,1,2,1,2
207065,1,0,1,8,1,3
207008,1,1,1,6,1,3
207054,1,0,1,7,0,0
207061,1,1,1,7,1,8
207093,1,1,1,5,0,3
207040,1,1,1,3,1,1
207025,1,1,1,5,1,3
207037,1,0,1,6,1,8
207067,1,0,1,4,1,2
207059,1,0,1,1,1,6
207009,1,0,1,5,1,3
207019,1,1,1,8,1,3
207014,1,0,1,5,1,4
207060,1,1,1,7,1,1
207050,1,1,1,6,0,3
207051,1,1,1,3,1,0
207088,1,1,1,9,0,1
207016,1,1,1,4,1,2
207045,1,0,1,5,1,3
207046,1,1,1,9,1,3
207090,1,0,1,3,0,2
207094,1,1,1,5,1,3
207062,1,0,1,5,1,8
207073,1,0,1,5,1,4
207092,1,0,1,5,1,2
207085,1,1,1,6,1,3
207084,1,0,1,5,1,7
207049,1,1,1,6,1,4
207064,1,1,1,6,1,7
207083,1,0,1,4,1,0
207082,1,1,1,4,1,1
207057,1,1,1,6,1,3
207018,1,1,1,6,1,9
207010,1,0,1,5,1,8
207029,1,1,1,5,1,3
207078,1,0,1,4,1,0
207021,1,1,1,3,1,4
207039,1,1,1,4,1,1
207053,1,1,1,4,0,6
207079,1,1,1,5,1,5
207036,1,0,1,5,1,5
207100,1,1,1,5,0,2
207047,1,0,1,5,1,8
207076,1,0,1,9,0,8
207103,1,1,1,4,1,0
207068,1,0,1,3,1,5
207023,1,0,1,8,0,1
207077,1,0,1,9,1,3
207020,1,0,1,7,1,4
207075,1,0,1,6,1,3
207002,1,0,1,4,1,8
207072,1,0,1,3,1,3
207101,1,1,1,5,1,6
207001,1,1,1,5,0,3
207102,1,1,1,3,1,8
207031,1,1,1,3,0,0
207030,1,1,1,3,1,1
207056,1,1,1,4,1,4
208021,1,1,1,4,0,3
208008,1,0,1,4,1,8
208010,1,0,1,5,1,9
208016,1,0,1,3,1,6
208009,1,1,1,8,1,8
208019,1,0,1,6,1,2
208002,1,1,1,6,0,1
208001,1,1,1,9,1,4
208012,1,1,1,3,0,4
208022,1,1,1,5,1,3
208020,1,1,1,4,1,6
208006,1,0,1,4,1,5
208014,1,0,1,2,1,3
208007,1,0,1,6,1,2
208015,1,1,1,5,0,5
208003,1,0,1,6,1,6
208023,1,0,1,10,1,0
208004,1,0,1,7,1,8
208013,1,0,1,5,1,4
208011,1,1,1,6,1,8
208018,1,1,1,3,1,0
208005,1,1,1,7,0,8
209004,1,1,1,6,1,5
209020,1,1,1,3,1,7
209003,1,1,1,1,1,3
209002,1,1,1,5,1,1
209007,1,1,1,3,1,6
209017,1,1,1,4,0,2
209015,1,1,1,6,1,9
209021,1,0,1,4,1,6
209009,1,0,0,5,1,9
209016,1,0,1,6,1,2
209014,1,1,1,4,1,3
209008,1,0,1,6,1,9
209012,1,1,1,6,1,5
209005,1,0,1,5,1,9
209011,1,0,1,5,1,5
209006,1,1,1,4,0,3
209019,1,0,1,3,1,2
209013,1,1,1,3,1,3
209010,1,1,1,4,1,5
209001,1,0,1,4,0,5
